PEP_ID,National_ID,LON,LAT,ALT,NAME
6446,5120,14.4167,48.2167,225,ASTEN
6447,12800,13.9333,47.4,1005,KLEINSOELK
6448,15105,12.1667,47.2167,1009,KRIMML
6449,19201,15.9,46.8667,303,BADGLEICHENBERG
6450,6405,13.2333,47.7833,787,FAISTENAU
6451,1800,14.8833,48.6833,580,WEITRA
6452,6410,13.1,47.9667,508,MATTSEE
6453,12810,13.9,47.4333,766,GROEBMING
6454,10508,15.8333,47.65,825,BREITENSTEIN
6455,12300,12.65,47.4,1022,SAALBACH
6456,12301,12.6833,47.3667,1022,SAALBACH
6457,4110,16.35,48.2333,155,WIEN
6458,3600,15.15,48.3833,810,GUTENBRUNN-MARTINSBERG
6459,5904,16.35,48.2333,198,WIEN-HOHEWARTE
6460,10000,14.75,47.6,492,HIEFLAU
6461,16401,15.4833,47.0333,435,GRAZ-MESSENDORFBERG
6462,5650,15.8,48.0667,600,HAINFELD
6463,6420,13.25,47.9833,542,STRASSWALCHEN
6464,14100,9.83333,47.1333,567,BUERS
6465,3605,15.15,48.3667,810,MARTINSBERG
6466,14101,9.65,47.2167,478,FRASTANZ
6467,20245,14.1833,46.5833,530,KEUTSCHACH
6468,20246,14.2833,46.5833,498,LAMBICHL
6469,5400,15.35,48.2,240,MELK
6470,7704,16.5333,47.85,184,EISENSTADT-NORDOST
6471,18200,13.4333,46.8333,580,LITZLHOF
6472,16411,15.4833,47.1667,725,ST.RADEGUND
6473,9500,13.3333,47.55,714,ABTENAU
6474,12320,12.7833,47.3,753,ZELLAMSEE
6475,13600,16.0167,47.25,429,ALTENBERG
6476,20001,13.6833,46.6167,907,BADBLEIBERG
6477,5410,15.2,48.05,297,OBERNDORF
6478,10530,16,47.7,415,POTTSCHACH
6479,12322,12.7833,47.3167,766,ZELLAMSEE
6480,18210,13.5667,46.8,719,MILLSTATT
6481,3620,15.1167,48.4333,911,TRAUNSTEIN
6482,4900,13.8667,48.0833,360,LAMBACH
6483,11300,10.0833,47.25,1263,SCHROECKEN
6484,3110,13.85,48.3167,370,WAIZENKIRCHEN
6485,5926,16.35,48.2333,202,WIEN19
6486,14630,10.9333,47.1333,1041,UMHAUSEN
6487,20262,14.1,46.7167,556,FELDKIRCHEN
6488,5927,16.45,48.25,161,WIEN22
6489,2600,16.9,48.6167,155,HOHENAU
6490,7720,16.5,47.75,160,ZAGERSDORF
6491,15400,13,47.2167,945,RAURIS
6492,11305,10.1833,47.25,1475,WARTH
6493,15402,12.9833,47.2167,941,RAURIS
6494,20010,13.6833,46.7,748,FRESACH
6495,18219,13.4833,46.7833,559,SPITTAL
6496,18220,13.5333,46.7667,524,SPITTAL
6497,19500,12.4333,46.75,1075,SILLIAN
6498,10030,14.6167,47.6833,513,ST.GALLEN
6499,5936,16.4,48.25,163,WIEN
6500,9520,13.415,47.7267,545,ABERSEE
6501,10800,16.6167,47.6,192,DEUTSCHKREUTZ
6502,9010,12.15,47.5667,492,KUFSTEIN
6503,7220,15.3,47.7833,872,ST.SEBASTIAN
6504,21300,14.5833,46.4833,623,EISENKAPPEL
6505,14135,9.7,47.2,519,SCHLINS
6506,13115,14.7667,47.2667,855,SECKAU
6507,9020,12.1167,47.5167,594,BADHAERING
6508,10300,15.4333,47.5,567,KINDBERG
6509,13116,14.7833,47.2667,855,SECKAU(MT)
6510,15420,12.8333,47.0333,1242,HEILIGENBLUT
6511,14400,10.5667,47.1333,818,LANDECK
6512,14401,10.5667,47.1333,785,LANDECK
6513,12610,13.45,47.3833,845,RADSTADT
6514,5700,16,48.0167,397,ALTENMARKT
6515,18500,14.1833,46.8333,705,WEITENSFELD
6516,16710,16.0833,47.2167,400,WOERTERBERG
6517,2120,15.7167,48.5667,302,FREISCHLING
6518,3400,14.6333,48.3,542,ALLERHEILIGEN
6519,20040,13.7667,46.7333,750,GEGENDTAL
6520,9801,14.1333,47.5333,640,AIGEN
6521,12105,12.2667,47.25,854,NEUKIRCHENamGROSSVENEDIGER
6522,20300,14.55,46.6333,437,HOEHENBERGEN-TAINACH
6523,12621,13.4167,47.3833,854,ALTENMARKT
6524,20301,14.5333,46.6333,453,TAINACH
6525,12110,12.25,47.45,830,BRIXENIMTHALE
6526,5967,16.45,48.25,161,WIEN-KAGRAN
6527,12625,13.35,47.4167,963,ST.MARTIN
6528,13905,16.65,47.45,198,LUTZMANNSBURG
6529,2130,15.7833,48.5167,346,MUEHLBACH
6530,3410,14.8167,48.3167,595,PABNEUKIRCHEN
6531,9810,14.1,47.5,710,IRDNING-GUMPENSTEIN
6532,9811,14.0833,47.4833,702,IRDNING-GUMPENSTEIN
6533,2900,13.3667,48.3333,350,REICHERSBERG
6534,15700,13.65,47.1,1094,ST.MICHAELIMLUNGAU
6535,5205,14.7,48.1833,244,MITTERKIRCHEN
6536,11605,11.0667,47.3,634,TELFS
6537,15701,13.6167,47.0833,1049,ST.MICHAEL
6538,5720,15.9333,48.1667,501,KOHLREIT
6539,13400,15.4,47.25,926,RECHBERG
6540,19800,13.15,46.6333,646,REISACH
6541,18010,12.85,46.85,1190,ISELSBERG
6542,20315,14.4167,46.7167,1023,MAGDALENSBERG
6543,4700,13.4833,48.2167,435,RIEDIMINNKREIS
6544,11100,9.75,47.5,436,BREGENZ
6545,3421,14.8,48.3667,686,MOENCHDORF
6546,15711,13.8,47.1167,1025,TAMSWEG
6547,7520,15.9667,47.9,429,PERNITZ
6548,11105,9.66667,47.3,809,FRAXERN
6549,15202,12.5333,47,975,MATREI
6550,19300,16.2667,46.9833,243,HEILIGENKREUZ
6551,11111,9.7,47.4,410,DORNBIRN
6552,10600,16.0833,47.55,498,ASPANG
6553,15721,13.7333,47.15,1153,MARIAPFARR
6554,6506,13.5667,47.95,501,SEEWALCHEN
6555,7530,16.0333,47.8167,932,HOHEWAND
6556,15210,12.45,47,1198,VIRGEN
6557,5995,16.4667,48.1333,163,RANNERSDORF
6558,1900,15.25,48.7333,500,SCHWARZENAU
6559,8300,9.86667,47.5167,1020,Sulzberg
6560,1901,15.25,48.7333,504,SCHWARZENAU
6561,2415,16.3667,48.55,457,LEISERBERGE
6562,6000,16.85,48.0167,167,BRUCK
6563,11120,9.7,47.3667,411,HOHENEMS
6564,1905,15.3667,48.6833,596,ALLENTSTEIG-KAUFHOLZ
6565,6001,16.85,48.0167,167,BRUCKNEUDORF
6566,9841,14.2833,47.7333,594,PICHL
6567,4211,16.7,48.4,189,MATZEN
6568,3700,15.3333,48.3333,860,JAUERLING
6569,16500,15.7,47.1,375,GLEISDORF
6570,1910,15.2,48.6167,506,STIFTZWETTL
6571,4215,16.65,48.4833,196,NEXING
6572,14200,9.85,47.0833,670,VANDANS
6573,20600,15.1167,46.7333,928,WIEL
6574,9850,14.1,47.5333,645,STAINACH
6575,10620,16.1333,47.5167,579,ZOEBERN
6576,11900,11.75,47.3833,530,JENBACH
6577,18300,13.7,46.7833,685,RADENTHEIN
6578,4221,16.6833,48.3,163,GAENSERNDORF
6579,15741,13.6833,47.1333,1122,MAUTERNDORF
6580,11135,9.83333,47.45,721,ALBERSCHWENDE
6581,640,15.1333,48.8667,560,HEIDENREICHSTEIN
6582,3200,14.2833,48.3,263,LINZ
6583,9602,13.6167,47.6333,506,BADGOISERN
6584,14210,9.91667,47.0833,1083,BARTHOLOMAEBERG
6585,20610,15.2667,46.7167,394,WIES
6586,6020,16.7333,48.1833,149,FUCHSENBIGL
6587,7300,15.4,47.8833,840,ANNABERG
6588,12420,12.9667,47.2833,750,TAXENBACH
6589,13700,16.25,47.4,615,BERNSTEIN
6590,901,15.95,48.75,256,RETZ
6591,16005,14.4167,47,650,DUERNSTEIN
6592,1415,13.9833,48.5667,602,ROHRBACH
6593,11400,10.3333,47.25,1100,HOLZGAU
6594,16520,15.6333,47.2167,465,WEIZ
6595,20105,13.85,46.7167,870,ARRIACH
6596,3210,14.3333,48.45,685,REICHENAU-OOE.
6597,2700,13.0333,48.25,351,BRAUNAU(OOEL)
6598,15500,13.1333,47.1167,1100,BADGASTEIN
6599,13710,16.3333,47.2167,267,KLEINZICKEN
6600,5520,15.3333,48.25,211,EMMERSDORF
6601,11155,9.66667,47.3333,405,ALTACH
6602,3220,14.3,48.4333,824,HELLMONSOEDT
6603,1430,13.95,48.7,920,SCHOENEBEN(OOE.L)
6604,15510,13.2,47.2333,900,GROSSARL
6605,2200,16.05,48.6167,245,HOLLABRUNN
6606,2201,16.05,48.6,253,HOLLABRUNN
6607,15001,11.85,47.15,643,MAYRHOFEN
6608,3739,15.4167,48.3667,223,SPITZ
6609,12700,13.65,47.3667,1080,ROHRMOOS
6610,11165,9.73333,47.3333,639,ANDELSBUCH
6611,6304,13.05,47.7833,420,SALZBURG-FREISAAL
6612,10400,15.6833,47.6,700,MUERZZUSCHLAG
6613,13730,16.2,47.45,769,HOCHNEUKIRCHEN
6614,2211,15.8333,48.55,259,RAVELSBACH
6615,1700,14.75,48.6,934,KARLSTIFT
6616,19110,15.7333,46.85,391,JAGERBERG
6617,12711,13.6333,47.4167,1203,RAMSAUAMDACHSTEIN
6618,20135,14.05,46.7167,675,ST.STEFAN
6619,9640,13.7667,47.6,665,BADAUSSEE
6620,18600,14.4167,46.95,634,FRIESACH
6621,12201,12.35,47.45,791,KITZBUEHEL
6622,3500,14.8333,48.4,608,KOENIGSWIESEN
6623,5804,16.2333,48.2,226,WIEN-MARIABRUNN
6624,9900,14.45,47.5667,646,ADMONT
6625,13740,16.2167,47.35,350,OBERSCHUETZEN
6626,16300,15.1833,47.05,400,LOBMING
6627,20400,14.75,46.5833,500,ST.MICHAEL
6628,3505,14.8833,48.35,788,LINDEN
6629,5809,16.1667,48.25,281,WIEN-MAUERBACH
6630,20401,14.75,46.55,527,FEISTRITZobBLEIBURG
6631,3506,14.9167,48.2833,600,DIMBACH
6632,7610,15.8667,47.8667,709,GUTENSTEIN
6633,20410,14.6167,46.7333,1159,DIEX
6634,700,15.5667,48.7833,520,JAPONS
6635,12220,12.5667,47.25,803,UTTENDORF
6636,13500,15.6833,47.3667,623,BIRKFELD
6637,18620,14.35,46.75,475,ST.VEIT
6638,7101,14.9167,47.8,527,GOESTLING
6639,12221,12.5667,47.2333,796,UTTENDORF
6640,11710,11.2667,47.3833,964,SCHARNITZ
6641,9919,14.3333,47.7333,596,WINDISCHGARSTEN
6642,4800,13.8167,48.2,400,GALLSPACH
6643,11200,10.0167,47.3,835,SCHOPPERNAU
6644,18625,14.3833,46.8333,637,MEISELDING
6645,13250,15,47.3333,580,ST.MICHAELB.LEOBEN
6646,15810,13.8667,47.1333,1122,SAUERFELD
6647,5827,16.25,48.1167,260,PERCHTOLDSDORF
6648,8900,12.0667,47.5333,625,KREIT
6649,7110,15.0667,47.85,614,LUNZAMSEE
6650,13510,15.6667,47.4333,1020,FISCHBACH
6651,18630,14.3667,46.8,613,KRAIG
6652,19910,13.3667,46.6167,597,HERMAGOR
6653,5320,15.0667,48.1833,231,YBBS
6654,18121,13.2167,46.9167,808,OBERVELLACH
6655,4810,13.6667,48.1,634,WOLFSEGG
6656,17100,10.5,46.9,1360,NAUDERS
6657,12240,12.4167,47.3833,923,JOCHBERG
6658,5330,14.9833,48.1167,240,BLINDENMARKT
6659,6610,13.7167,47.8167,1618,FEUERKOGEL
6660,13010,14.3667,47.3,1069,PUSTERWALD
6661,12500,13.2167,47.4,550,BISCHOFSHOFEN
6662,725,15.5,48.85,470,RAABS
6663,6101,16.8333,48,167,BRUCKNEUDORF
6664,17110,10.5333,46.9667,976,PFUNDS
6665,10200,15.2333,47.5333,784,AFLENZ
6666,12504,13.2167,47.4,543,BISCHOFSHOFEN
6667,16600,16.0667,47.0167,273,FUERSTENFELD
6668,3801,15.6167,48.4167,207,KREMS
6669,10201,15.2333,47.55,780,AFLENZ
6670,12505,13.1833,47.3,634,ST.JOHANNIMPONGAU
6671,1500,14.1333,48.5833,800,AFIESL-HELFENBERG
6672,4830,13.7667,48.0833,500,NIEDERTHALHEIM
6673,12510,13.1333,47.3167,600,SCHWARZACH
6674,5600,15.6167,48.2,272,ST.POELTEN
6675,7904,16.9167,47.8333,124,FRAUENKIRCHEN
6676,17120,10.4333,46.95,0,SPISS
6677,3810,15.7,48.4667,210,LANGENLOIS
6678,10210,15.3,47.75,780,GUSSWERK
6679,3300,14.55,48.3,341,HARTL
6680,14820,11.4833,47.2333,900,RINN
6681,1510,14.15,48.55,650,HELFENBERG
6682,7400,15.7,47.8,612,SCHWARZAU
6683,12010,11.9,47.4333,514,RADFELD
6684,5611,15.5833,48.05,520,ESCHENAU
6685,11500,10.75,47.5,870,REUTTE
6686,17900,12.7833,46.8167,668,LIENZ
6687,15341,12.6333,47,1350,KALS-GROSSDORF
6688,17901,12.8,46.8167,659,LIENZ
6689,3310,14.5333,48.35,416,PREGARTEN
6690,5870,16.25,48,249,BADEN
6691,16110,14.8333,47.2167,650,KNITTELFELD
6692,1520,14.1667,48.5333,900,PIBERSTEIN
6693,4080,16.1167,48.3167,175,LANGENLEBARN
6694,20210,14.3333,46.65,447,KLAGENFURT
6695,500,15.0333,48.95,559,LITSCHAU
6696,20212,14.3167,46.6333,450,KLAGENFURT
6697,17910,12.6667,46.8833,850,SCHLAITEN
6698,503,15.0333,48.9667,570,LITSCHAU
6699,3831,15.8167,48.3167,210,REIDLING
6700,5112,14.45,48.0333,366,WACHTBERG
6701,5880,16.2833,48.0333,222,GUMPOLDSKIRCHEN
6702,16120,14.65,47.1667,0,JUDENBURG
6703,5625,15.5833,48.0167,681,LILIENFELD-TARSCHBERG
6704,5881,16.2667,48.0333,218,GUMPOLDSKIRCHEN
6705,9210,12.6833,47.5667,629,LOFER
6706,14330,10.15,47.2167,1444,LECH
6707,3835,15.8333,48.3,220,HASENDORF
6708,5115,14.45,48.0667,340,HAIDERSHOFEN
6709,13820,16.5333,47.4333,237,UNTERLOISDORF
6710,3837,15.7333,48.4333,193,HAITZENDORF
6711,15101,12.1833,47.2167,1000,KRIMML
6712,3838,15.7833,48.4,187,GRAFENWOERTH
6713,19710,12.8833,46.6833,1047,KORNAT
7012,5901,16.35,48.25,203,WIEN-HOHEWARTE
7013,5970,16.5667,48.2,153,GROSS-ENZERSDOERF
7014,2400,16.3833,48.7167,187,LAA
7015,4220,16.7,48.2667,150,OBERSIEBENBRUNN
7016,9613,13.6,47.7,480,BADISCHL
7017,14511,10.7333,47.2333,910,IMST
7018,9420,13.3167,47.7,761,LAEMMERBACH
7019,4600,13.2833,48.1833,440,ASPACH
7020,20217,14.3,46.6167,445,KLAGENFURT
8017,1802,14.9,48.7,573,WEITRA
8018,9611,13.65,47.7,512,BAD ISCHL
8019,9725,13.8833,47.5,845,OBSERDORF
8020,10500,16.0333,47.5,950,MOENICHKIRCHEN
8021,11151,9.65,47.4167,403,LUSTENAU
8022,11602,10.9167,47.4,960,EHRWALD
8023,11610,10.9167,47.3,991,OBSTEIG
8024,11615,10.9167,47.3,991,BARWIES
8025,11825,11.3833,47.2667,575,INNSBRUCK
8026,11910,11.6667,47.4333,936,PERTISAU
8027,14301,11.6667,47.4333,936,ST.ANTON
8028,14403,10.55,47.1333,797,LANDECK
8029,14602,10.8667,47.25,663,HAIMING
8030,14840,11.45,47.1333,1100,SCHOEFENS-PFONS
8031,16480,15.4333,47.0667,363,GRAZ
8032,21330,16.7,48.25,149,OBERSIEBENBRUNN
8033,21343,16.1167,48.15,344,WOLFSGRABEN
8034,21345,16.3333,48.1667,184,POSTAMT 1120 WIEN
8035,21346,14.35,48.45,722,REICHENAU IM MUEHLKREIS
8036,21347,15.6833,48.25,238,ST. POELTEN-RADLBERG
8037,21349,16.0167,47.7,393,TERNITZ
8038,21351,13.0333,47.8,419,SALZBURG
8039,21360,13.0167,47.85,428,SALZBURG
8040,21362,16.0333,47.5,950,MOENICHKIRCHEN
8041,21373,13.1833,47.8833,548,HENNDORF AM WALLERSEE
8042,21378,14.7667,47.95,440,WAIDHOFEN AN DER YBBS
8043,21381,14.2333,48.2167,274,TRAUN
8044,21383,16.0667,47.4333,529,PINGGAU
8045,21387,15.9333,48.2833,194,MICHELHAUSEN
8046,21388,16.3333,48.3333,168,KORNEUBURG
8047,21390,16.1833,48.1167,379,KALTENLEUTGEBEN
8048,21393,14.4167,48.0333,308,STEYR
8049,21395,15.9,48.0167,492,KAUMBERG
8050,21399,13.0333,47.8,419,SALZBURG
8051,21404,16.4167,48.1667,161,POSTAMT 1110 WIEN
8052,21405,13.0167,48.2167,355,BRAUNAU AM INN
8053,21408,14.7833,46.95,1200,BAD ST. LEONHARD IM LAVANTTAL
8054,21420,14.0667,47.5167,659,TRAUTENFELS
8055,21421,13.0333,47.8,419,SALZBURG
8056,21424,13.8667,48.0833,368,LAMBACH
8057,21431,15.6,48.4667,299,LENGENFELD BEI KREMS
8058,21435,15.0833,47.3667,539,LEOBEN
8059,21440,16.3167,48.3,195,KLOSTERNEUBURG
8060,21442,14.85,46.8,433,ST. STEFAN IM LAVANTTAL
8061,21447,15.6333,48.3,282,STATZENDORF
8062,21448,16.6,47.8,145,ST. MARGARETHEN IM BURGENLAND
8063,21449,16.05,48.3167,176,TULLN
8064,21450,15.75,48.0333,600,HAINFELD. NIEDEROESTERREICH
8065,21452,15.6333,48.2333,280,ST. POELTEN-TRAISENPARK
8066,21454,16.0333,47.5,1000,MOENICHKIRCHEN
8067,21460,16.3,48.1833,191,POSTAMT 1130 WIEN
8068,21462,16.3333,48.1667,184,POSTAMT 1120 WIEN
8069,21463,16.2167,47.7167,338,ERLACH AN DER PITTEN
8070,21465,16.3167,47.05,293,GUESSING
8071,21466,15.2667,47.4,481,BRUCK AN DER MUR
8072,21468,13.6333,47.0833,1060,ST. MICHAEL IM LUNGAU
8073,21470,13.8667,46.6167,515,VILLACH-LANDSKRON
8074,21471,9.6,47.3333,420,KOBLACH
8075,21476,16.4333,47.3,346,RECHNITZ
8076,21479,16.3,48.1833,290,POSTAMT 1130 WIEN
8077,21485,16.85,47.9833,179,PARNDORF
8078,21488,15.3333,46.9333,325,LANNACH
8079,21489,14.1833,48.05,345,ROHR IM KREMSTAL
8080,21490,15.4333,47.0833,427,GRAZ-ANDRITZ
8081,21501,16.4,48.25,162,POSTAMT 1210 WIEN
8082,21503,16.4,48.25,162,POSTAMT 1210 WIEN
8083,21516,11.4333,47.2333,850,ALDRANS
8084,21518,15.6167,47.5667,700,LANGENWANG
8085,21522,14.8167,48.3167,600,PABNEUKIRCHEN
8086,21537,13.6333,48.15,510,GEBOLTSKIRCHEN
8087,21538,16.05,47.7667,420,WILLENDORF AM STEINFELDE
8088,21543,15.6667,48.0333,375,ST. VEIT AN DER GOELSEN
8089,21545,16.35,48.2,201,POSTAMT 1070 WIEN
8090,21546,16.2833,48.1833,223,POSTAMT 1140 WIEN
8091,21547,16.1667,48.15,260,POSTAMT 1130 WIEN
8092,21548,16.3333,48.1667,184,POSTAMT 1120 WIEN
8093,21550,14.2833,48.3,261,LINZ. DONAU
8094,21552,16.2667,48.1167,248,PERCHTOLDSDORF
8095,21553,14.9333,46.6333,690,LAVAMUEND
8096,21555,16.1,48.7,196,HAUGSDORF
8097,21556,14.3667,48.2,293,ST. FLORIAN BEI LINZ
8098,21559,9.63333,47.2667,475,RANKWEIL
8099,21564,16.4667,48,184,MITTERNDORF AN DER FISCHA
8100,21566,16.3833,48.2167,160,POSTAMT 1020 WIEN
8101,21572,13.0333,47.8,419,SALZBURG
8102,21575,16.3167,48.2167,322,POSTAMT 1160 WIEN
8103,21576,16.0833,48.15,300,TULLNERBACH-LAWIES
8104,21577,15.6167,48.2167,290,ST. POELTEN-TRAISENPARK
8105,21578,16.3,48.15,202,POSTAMT 1230 WIEN
8106,21585,16.3,48.15,202,POSTAMT 1230 WIEN
8107,21586,16.4333,48.2167,159,POSTAMT 1220 WIEN
8108,21587,9.65,47.4333,403,LUSTENAU
8109,21590,16.4333,48.0667,170,HIMBERG BEI WIEN
8110,21592,16.2667,48.35,170,HOEFLEIN AN DER DONAU
8111,21593,12.25,47.5167,741,SCHEFFAU AM WILDEN KAISER
8112,21595,15.2833,48.8167,486,WAIDHOFEN AN DER THAYA
8113,21598,14.3333,46.6667,496,MARIA SAAL
8114,21600,16.45,48.2167,159,POSTAMT 1220 WIEN
8115,21602,15.7667,48.0333,410,HAINFELD. NIEDEROESTERREICH
8116,21606,16.7667,48.55,200,ZISTERSDORF
8117,21607,15.9333,47.6667,447,GLOGGNITZ
8118,21610,16.3333,47.0667,270,GUESSING
8119,21612,13.6333,47.6167,692,BAD GOISERN
8120,21617,11.4333,47.2667,573,INNSBRUCK
8121,21618,16.6333,48.2667,153,MARKGRAFNEUSIEDL
8122,21621,16.2833,48.1833,223,POSTAMT 1140 WIEN
8123,21627,16.15,47.8667,282,FELIXDORF
8124,21635,14.2833,46.5667,521,MARIA RAIN
8125,21638,17,48.1,149,WOLFSTHAL
8126,7011,17,48.1,149,WAIDHOFEN
8127,24001,16.9167,48.6,155,Hohenaun an der Mach
19322,21478,16.1861,48.1878,247,1140-Postamt-1140-Wien
19323,21493,14.4175,48.4058,636,4211-Alberndorf-in-der-Riedmark
19324,21539,15.2856,48.8169,486,3830-Waidhofen-an-der-Thaya
19325,21567,16.4775,48.1408,161,2320-Schwechat
19326,21629,16.6172,48.3325,163,2232-Deutsch-Wagram
19327,21649,15.8906,46.9525,282,8330-Feldbach
19328,21653,15.9111,46.8778,305,8344-Bad-Gleichenberg
19329,21654,13.8458,46.6117,501,9500-Villach
19330,21659,16.0817,47.2914,353,7411-Markt-Allhau
19331,21707,16.2942,48.1961,223,1140-Postamt-1140-Wien
19332,21749,15.3406,48.1117,295,3240-Mank
19333,21758,15.9944,47.0797,275,8263-Grosswilfersdorf
19334,21769,15.6414,47.0564,458,8302-Nestelbach-bei-Graz
19335,21791,14.1075,47.5075,700,8952-Irdning
19336,21804,16.2333,47.7431,259,2700-Wiener-Neustadt
19337,21810,16.2669,48.1228,248,2380-Perchtoldsdorf
19338,21816,16.3158,48.1528,202,1230-Postamt-1230-Wien
19339,21828,16.2183,47.9303,263,2544-Leobersdorf
19340,21836,16.2356,47.8106,269,2700-Wiener-Neustadt
19341,21856,16.3553,48.2408,185,1190-Postamt-1190-Wien
19342,21859,14.9936,47.4917,838,8794-Vordernberg
19343,21860,16.2356,47.8106,269,2700-Wiener-Neustadt
19344,21862,15.2208,46.8647,398,8524-Bad-Gams
19345,21864,14.4458,48.2722,270,4222-St.-Georgen-an-der-Gusen
19346,21865,15.4708,47.0556,359,8042-Graz-St.-Peter
19347,21869,16.4003,48.265,162,1210-Postamt-1210-Wien
19348,21875,16.6683,47.7558,126,7072-Moerbisch-am-See
19349,21876,14.5653,47.7456,420,3335-Weyer.-Oberoesterreich
19350,21878,11.3108,47.2358,867,6091-Goetzens
19351,21880,16.6831,48.1114,169,2402-Maria-Ellend.-Donau
19352,21887,16.3708,48.2144,200,1090-Postamt-1090-Wien
19353,21890,16.0147,46.8931,351,8350-Fehring
19354,21891,14.0289,48.1661,330,4600-Wels
19356,21895,14.2697,48.3308,290,4040-Linz.-Donau
19357,21899,16.3214,48.2192,213,1170-Postamt-1170-Wien
19358,21902,14.0392,48.4181,529,4113-St.-Martin-im-Muehlkreis
19359,21903,15.9608,47.8992,427,2763-Pernitz.-Niederoesterreich
19360,21907,13.7742,48.0228,420,4693-Desselbrunn
19361,21910,16.1675,47.8689,310,2752-Woellersdorf
19363,21913,16.265,48.0181,217,2511-PfaffstÃ¤tten.-Bez.-Baden
19364,21915,15.3561,46.9631,330,8501-Lieboch
19365,21921,16.4525,48.2244,159,1220-Postamt-1220-Wien
19366,21922,16.2919,48.0992,211,2344-Maria-Enzersdorf-am-Gebirge
19367,21927,10.1436,47.21,1445,6764-Lech
19368,21929,16.3433,48.2117,201,1080-Postamt-1080-Wien
19369,21934,13.0458,47.8142,419,5020-Salzburg
19370,21936,16.3264,48.3036,195,3400-Klosterneuburg
19371,21940,16.4528,47.7617,198,7023-Zemendorf
19372,21946,14.4881,47.4875,713,8784-Trieben
19373,21980,15.3775,46.9467,322,8143-Dobl
19374,22196,13.2956,48.2631,404,4943-Geinberg
19375,22246,14.9933,48.5506,745,3920-Groß-Gerungs
19376,22252,16.3175,48.0447,180,2353-Guntramsdorf
19377,22255,16.0731,47.0508,277,8280-Fürstenfeld
19378,22257,16.2942,48.1961,223,1140-Postamt-1140-Wien
19379,22260,14.8722,46.6986,560,9470-St.-Paul-im-Lavanttal
19380,22270,16.3817,48.2433,161,1200-Postamt-1200-Wien
19381,22273,16.3508,48.2014,201,1070-Postamt-1070-Wien
19382,22276,16.0944,47.555,488,2870-Aspang
19383,22301,16.5817,48.0703,163,2432-Schwadorf-bei-Wien
19384,22305,16.2964,48.0861,214,2340-Moedling
19385,22317,14.4764,48.2144,265,4470-Enns
19386,22318,15.0481,48.0683,337,3261-Steinakirchen-am-Forst
19387,22319,16.38,48.2106,168,1010-Postamt-1010-Wien
19388,22322,16.4525,48.2244,159,1220-Postamt-1220-Wien
19389,22323,16.3569,48.2367,340,1210-Postamt-1210-Wien
19390,22329,16.4525,48.2244,159,1220-Postamt-1220-Wien
19391,22331,14.2497,46.67,484,9061-Klagenfurt-Woelfnitz
19392,22334,15.6575,48.6653,313,3580-Horn.-Niederoesterreich
19393,22336,14.0458,47.5017,644,8951-Trautenfels
19394,22337,13.8717,48.5169,591,4134-Putzleinsdorf
19395,22339,15.4219,47.1056,485,8045-Graz-Andritz
19396,22340,15.4219,47.1056,480,8045-Graz-Andritz
19397,22341,12.2075,47.1508,955,5741-Neukirchen-am-Grossvenediger
19398,22343,15.4386,47.0681,349,8010-Graz
19399,22344,13.1375,48.1917,407,5270-Mauerkirchen
19400,22345,14.6928,47.0681,875,8742-Obdach
19401,22352,15.3836,46.6125,630,8463-Leutschach
19402,22353,15.5658,48.2597,372,3121-Karlstetten
19403,22356,15.6786,48.4744,220,3550-Langenlois
19404,22377,15.5967,48.4117,204,3500-Krems-an-der-Donau
19405,22405,16.2717,48.0075,213,2512-Tribuswinkel
19406,22407,16.2603,48.1906,223,1130-Postamt-1130-Wien
19407,22414,14.4839,48.4283,628,4212-Neumarkt-im-Muehlkreis
19408,22430,13.9983,48.4839,622,4120-Neufelden
19409,22439,13.1039,47.9708,523,5163-Mattsee
19410,22463,13.8872,46.6139,497,9524-Villach-St.-Magdalen
19411,22471,14.7519,47.1869,657,8740-Zeltweg
19412,22533,15.525,46.7414,269,8435-Wagna
19413,22539,16.7203,48.3425,165,2230-Gä¤nserndorf
19414,22553,15.9311,48.1906,243,3034-Maria-Anzbach
19415,22554,16.0933,48.1317,550,3012-Wolfsgraben
19416,22555,16.3042,48.1875,191,1130-Postamt-1130-Wien
19417,22559,15.5394,46.7811,271,8430-Leibnitz
19418,22564,16.4244,48.1697,161,1110-Postamt-1110-Wien
19419,22566,15.0617,48.6683,626,3931-Schweiggers
19420,22567,14.5053,48.5136,552,4240-Freistadt.-Oberoesterreich
19421,22570,14.4639,48.1414,300,4484-Kronstorf
19422,22572,16.2964,48.0861,214,2340-Moedling
19423,22577,12.8497,47.4286,754,5760-Saalfelden-Steinernen-Meer
19424,22582,13.9814,46.6719,535,9570-Ossiach
19425,22584,16.4175,48.1961,160,1020-Postamt-1020-Wien
19426,22585,16.3553,48.2408,210,1190-Postamt-1190-Wien
19427,22588,11.4447,47.2761,565,6020-Innsbruck
19428,22589,13.0458,47.8142,419,5020-Salzburg
19429,22590,16.3764,48.1753,210,1100-Postamt-1100-Wien
19430,22591,15.47,46.6669,488,8463-Leutschach
19431,22592,16.4689,48.2978,160,2201-Gerasdorf-bei-Wien
19432,22593,11.3928,47.2669,573,6020-Innsbruck
19433,22594,15.2231,46.9203,480,8511-St.-Stefan-ob-Stainz
19434,22595,13.3814,47.4644,110, 5522-St.-Martin-am-Tennengebirge
19435,22597,13.0614,47.8608,495,5161-Elixhausen
19436,22598,12.685,47.2881,798,5721-Piesendorf
19437,22599,12.0897,47.5047,519,6322-Kirchbichl
19438,22607,15.4219,47.1056,363,8045-Graz-Andritz
19439,22608,13.0458,47.8142,419,5020-Salzburg
19440,22610,16.0519,47.8686,370,2754-Waldegg-an-der-Piesting
19441,22612,11.2419,47.2728,621,6170-Zirl
19442,22613,11.0839,47.2978,662,6405-Pfaffenhofen.-Tirol
19443,22614,16.2028,48.2392,230,3400-Klosterneuburg
19444,22616,11.4192,47.2072,1065, 6082-Patsch
19445,22618,16.7,48.3672,157,2241-Schoenkirchen.-NÖ
19446,22624,15.6786,48.4744,220,3550-Langenlois
19447,22628,16.3622,48.2253,173,1200-Postamt-1200-Wien
19448,22629,15.0978,47.3808,539,8700-Leoben
19449,22630,16.185,47.9158,322,2551-Enzesfeld-Lindabrunn
19450,22631,14.1339,47.8997,458,4560-Kirchdorf-an-der-Krems
19451,22632,13.6472,48.3533,379,4760-Raab.-Oberoesterreich
19452,22638,16.3156,48.0481,189,2353-Guntramsdorf
19453,22645,11.3608,47.1669,1010, 6165-Telfes-im-Stubai
19454,22646,16.3214,48.2192,213,1160--Postamt-1160-Wien
19455,22649,13.3953,48.3447,345,4980-Antiesenhofen
19456,22653,15.9281,48.0303,509,2571-Altenmarkt-Thenneberg
19457,22655,15.6786,48.4744,220,3550-Langenlois
19458,22659,15.2875,47.4392,503,8605-Kapfenberg
19459,22663,16.3214,48.2192,213,1160-Postamt-1160-Wien
19460,22664,13.9408,48.1342,346,4623-Gunskirchen
19461,22666,16.4017,47.9642,199,2483-Ebreichsdorf
19462,22667,13.4986,48.1403,546,4874-Pramet
19463,22668,11.0014,47.3117,905,6414-Mieming
19464,22674,13.4622,47.3881,950,5550-Radstadt
19465,22676,16.0228,48.1814,418,3031-Rekawinkel
19466,22677,13.5489,46.5681,556,9611-Noetsch-im-Gailtal
19467,22681,14.1753,48.3397,525,4100-Ottensheim
19468,22687,13.3475,47.8569,700,5310-Mondsee
19469,22689,16.2178,47.725,311,2822-Erlach-an-der-Pitten
19470,22691,16.5508,48.2033,155,2301-Groß-Enzersdorf
19471,22693,15.0639,47.0633,513,8591-Maria-Lankowitz
19472,22696,16.4525,48.2244,159,1220-Postamt-1220-Wien
19473,22697,12.1725,47.5825,490,6330-Kufstein
19474,22698,13.0969,47.6828,444,5400-Hallein
19475,22699,15.5783,47.0739,486,8301-Laßnitzhoehe
19476,22700,13.0969,47.6828,444,5400-Hallein
19477,22703,14.6347,48.2517,542,4320-Perg
19478,22704,13.1267,47.8939,508,5201-Seekirchen-am-Wallersee
19479,22712,13.4281,46.8375,602,9811-Lendorf
19480,22713,11.6589,47.2708,535,6130-Schwaz
19481,22727,16.4725,47.9392,196,2443-Deutsch-Brodersdorf
19482,22747,13.2367,48.25,364,4950-Altheim.-Oberoesterreich
19483,22769,16.3886,47.9108,216,2486-Pottendorf
19484,22774,11.1558,47.1969,156, 6182-Gries-im-Sellrain
19546,6400,13.2667,47.9667,570,Irrsdorf
19547,6611,13.7167,47.8167,1618,Feuerkogel
19548,21666,14.8833,48.1333,275,Amstetten
19549,21667,16.7,48.0667,171,Arbesthal
19550,21668,15.2,48.25,395,Artstetten
19551,21672,14.75,48.0667,310,Aschbach-Markt
19552,21673,16.6333,48.3667,178,Auersthal
19553,21674,15.6,48.65,388,Altenburg (Horn)
19554,21675,16.1833,48.0167,256,Baden-Helenental
19555,21676,16.1667,48.5167,239,Bergau (Hollabrunn)
19556,21677,15.9333,48.3833,183,Bierbaum (Tulln)
19557,21678,15.7667,48.2,247,Boeheimkirchen
19558,21682,16.2,48.1333,295,Breitenfurt-Ost
19559,21685,16.5667,48.3,159,Deutsch-Wagram
19560,21686,16.65,48.75,224,Drasenhofen
19561,21688,15.6167,48.8667,423,Drosendorf-Stadt
19562,21689,15.2167,48.7167,572,Echsenbach
19563,21691,15.5667,48.4167,400,Egelsee
19564,21692,15.9833,48.1667,290,Eichgraben
19565,21693,15.75,48.5,287,Elsarn im Strassertal
19566,21694,16.2167,47.7333,312,Erlach
19567,21695,14.9333,48.0833,308,Euratsfeld
19568,21696,16.5833,48.7167,302,Falkenstein
19569,21697,16.25,47.8833,282,Felixdorf
19570,21698,14.9833,48.1,276,Ferschnitz
19571,21699,16.2,47.7333,316,Foehrenau
19572,21700,15.3333,47.9833,464,Frankenfels
19573,21701,15.4667,48.3,479,Gansbach
19574,21702,15.4833,48.5167,579,Gfoehl
19575,21703,15.9333,47.6833,457,Gloggnitz
19576,21704,14.9833,48.7667,485,Gmuend
19577,21708,15,47.9833,407,Gresten
19578,21709,15.4,48.7833,534,Gross-Siegharts
19579,21710,16.1833,48.7167,191,Grosskadolz
19580,21711,16.2333,48.5,217,Grossmugl
19581,21713,15.9833,47.8,557,Gruenbach am Schneeberg
19582,21715,16.1333,48.7167,194,Hadres
19583,21718,16.8333,48.6333,200,Hausbrunn
19584,21720,15.7,48.2833,229,Herzogenburg
19585,21722,15.6667,48.6667,311,Horn
19586,21723,15.4,48.8833,442,Karlstein an der Thaya
19587,21725,16.55,48.4167,265,Kasernberg
19588,21727,15.2333,48.9333,525,Kautzen
19589,21728,15.4167,48.1,300,Kilb
19590,21729,15.4333,48.0333,400,Kirchberg an der Pielach
19591,21730,16.2167,47.45,512,Kirchschlag
19592,21731,14.9667,48.4333,925,Kleinpertenschlag
19593,21732,15.1167,48.8667,561,Heidenreichstein 2
19594,21733,15.55,47.9667,415,Lehenrotte
19595,21734,16.2,47.6,770,Lichtenegg
19596,21735,15.05,48.95,531,Litschau 3
19597,21736,15.15,48.2167,219,Marbach an der Donau
19598,21737,15.15,48.2333,443,Maria Taferl
19599,21739,15.2833,48.7833,495,Meires
19600,21740,15.3,47.8167,789,Mitterbach am Erlaufsee
19601,21741,16.3833,48.0333,186,Muenchendorf
19602,21742,15.1333,48.2667,675,Muenichreith
19603,21743,15.8333,48.2333,278,Murstetten
19604,21744,14.9833,48.8167,485,Neu-Nagelberg
19605,21745,16.05,48,423,Neuhaus
19606,21746,15.7667,48.1,376,Michelbach Markt
19607,21751,15.5833,48.3167,342,Oberwoelbling
19608,21752,16.3,48.4,201,Oberrohrbach
19609,21753,16.3167,47.9833,214,Oberwaltersdorf
19610,21754,15.2167,48.4167,849,Ottenschlag
19611,21755,16.8333,48.05,149,Pachfurth
19612,21756,15.8667,47.7,483,Payerbach
19613,21761,15.15,48.15,258,Petzenkirchen
19614,21762,16.0333,47.6667,640,Penk
19615,21763,16.3667,48.5667,424,Oberleis
19616,21764,16.3667,48.5667,424,Pfaffenschlag 
19617,21765,16.55,48.7667,205,Pottenhofen
19618,21766,15.9167,47.7833,585,Puchberg am Schneeberg (Unternberg)
19619,21768,15.8667,48.7167,289,Pulkau
19620,21770,15.6833,48.1667,298,Pyhra
19621,21772,15.2167,48.2167,216,Poechlarn
19622,21773,16.1833,48.2,248,Purkersdorf
19623,21774,14.9667,48.0167,366,Randegg
19624,21775,15.8167,48.3167,205,Reidling
19625,21777,15.3167,47.8667,818,Reith (Lilienfeld)
19626,21778,16.0667,48.25,244,Ried am Riederberg
19627,21780,15.75,48.05,402,Rohrbach an der Goelsen
19628,21781,15.7667,48.6167,408,Reinprechtspoella
19629,21782,15.7333,48.75,466,Sallapulka
19630,21783,16.4833,48.4167,199,Schleinbach
19631,21785,16.15,48.4667,196,Schoenborn (Schloss)
19632,21786,15.4,48.7667,562,Schoenfeld an der Wild
19633,21787,16.0667,48.6,251,Schoengrabern
19634,21793,15.8333,47.65,950,Semmering
19635,21794,16.0167,48.25,205,Sieghartskirchen
19636,21795,15.75,48.6833,429,Sigmundsherberg
19637,21796,15.95,48.6,244,Sitzendorf a.d. Schmida
19638,21798,15.5667,47.85,588,St. Aegyd am Neuwalde
19639,21801,15.8833,48.1667,247,St. Christophen
19640,21802,15.55,48.6,582,St. Leonhard am Hornerwald
19641,21805,15.4833,48.1667,261,St.Margarethen a.d. Sierning
19642,21806,15.6667,48.05,369,St.Veit a.d. Goelsen
19643,21807,16.2167,48.3833,176,Stockerau
19644,21808,15.8167,48.1167,344,Stoessing
19645,21813,16.1833,47.6667,402,Thernberg
19646,21815,15.6167,48.0333,356,Traisen
19647,21817,16.3,48.0167,205,Traiskirchen
19648,21819,15.75,48.35,197,Traismauer
19649,21823,16.1833,48.4833,228,Untergrub
19650,21824,15.1833,48.7667,530,Vitis
19651,21825,15.75,47.8,646,Vois
19652,21826,15.2833,48.8167,510,Waidhofen an der Thaya
19653,21830,15.2667,48.2833,349,Weiten
19654,21832,16.2833,47.6167,695,Wiesmath
19655,21833,15.2833,48.7667,498,Windigsteig
19656,21834,16.8333,48.15,145,Witzelsdorf
19657,21835,16.5167,48.3833,178,Wolkersdorf im Weinviertel
19658,21837,16.25,47.8167,265,Wiener Neustadt
19659,21843,16.1,48.6333,248,Wullersdorf
19660,21847,16.3,48.7167,184,Wulzeshofen
19661,21848,16.4167,48.4333,269,Wuernitz
19662,21850,14.9,47.95,414,Ybbsitz
19663,21851,15.95,48.7,225,Zellerndorf
19664,21852,15.9333,48.5333,230,Ziersdorf
19665,21854,16.7667,48.55,199,Zistersdorf
19666,21857,15.2167,48.6,593,Zwettl-Edelhof
19667,21867,15.5167,47.25,579,Arzberg (Weiz)
19668,21874,15.9167,46.9833,377,Bergl (Feldbach)
19669,21879,14.8833,47.5333,736,Eisenerz
19670,21881,16.0167,46.9333,272,Fehring
19671,21884,15.8833,46.95,282,Feldbach
19672,21885,15.4833,47.2833,694,Fladnitz an der Teichalm
19673,21897,15.4333,47.1333,450,Graz - Hochgreit
19674,21914,14.6833,47.2667,900,Ingering II
19675,21917,15.9833,47.35,458,Kirchberg am Walde
19676,21918,15.7667,46.9833,370,Kirchberg an der Raab
19677,21920,15.5,46.7833,400,Kittenberg (Leibnitz)
19678,21926,15.5333,46.7833,274,Leibnitz
19679,21928,14.25,47.5667,664,Liezen
19680,21930,14.8333,47.4,712,Mautern in Steiermark
19681,21931,14.1667,47.1167,829,Murau
19682,21932,15.7667,46.7167,237,Mureck (Radkersburg)
19683,21935,15.6167,47.0667,450,Nestelbach bei Graz
19684,21937,14.2833,47.2,830,Oberwoelz
19685,21938,14.4833,47.25,932,Oberzeiring
19686,21939,16.0667,47.45,527,Pinggau
19687,21942,15.2667,46.8667,400,Rassach
19688,21944,15.9333,47,377,Riegersburg
19689,21945,13.6833,47.3833,750,Schladming
19690,21949,15.5167,46.7833,314,Silberberg (Leibnitz)
19691,21950,15.3333,46.9167,357,Sankt Josef (Deutschlandsberg)
19692,21954,14.05,47.3167,1127,St. Nikolai im Soelktal
19693,21955,15.6667,46.8167,333,St. Nikolai ob Drassling
19694,21958,14.1833,47.1833,860,St. Peter am Kammersberg
19695,21959,15.95,46.7833,265,Tieschen
19696,21960,14.4833,47.4833,709,Trieben
19697,21962,15.8833,47.4,690,Vorau (Hartberg)
19698,21963,16.0167,47.1667,291,Bad Waltersdorf
19699,21969,9.98333,47.3167,800,Au (Bregenzerwald)
19700,21971,10,47.1167,833,Dalaas
19701,21973,9.88333,47.2833,1425,Damuels
19702,21974,9.6,47.2333,458,Feldkirch
19703,21975,9.61667,47.2667,446,Altenstadt
19704,21976,9.66667,47.4833,399,Fussach
19705,21977,9.91667,46.9667,1423,Gargellen
19706,21978,9.6,47.2667,442,Gisingen
19707,21979,9.68333,47.5,399,Hard
19708,21981,9.96667,47.45,790,Hittisau
19709,21982,9.63333,47.4667,403,Hoechst
19710,21983,9.76667,47.4833,457,Kennelbach
19711,21984,10.1167,47.1333,1218,Langen am Arlberg
19712,21985,9.65,47.2667,502,Rankweil
19713,21986,9.65,47.3,508,Roethis
19714,21989,9.91667,47.0833,690,Schruns
19715,21990,9.76667,47.45,435,Schwarzach
19716,21991,9.85,47.4167,696,Schwarzenberg
19717,21992,9.88333,47.5333,598,Thal
19718,21993,9.76667,47.2,573,Thueringen
19719,21994,9.68333,47.3,879,Viktorsberg
19720,21995,9.75,47.4667,434,Wolfurt
19721,21996,15.5167,46.8833,296,Wildon
19722,21997,15.75,47.3333,709,Winkl (Poellau)
19723,21998,16.0833,47.2167,304,Woerth a. d. Lafnitz
19724,21999,15.7833,47.4333,831,Wenigzell
19725,22000,15.4,46.9667,351,Unterpremstaetten
19726,22001,14.45,47.2,745,Unzmarkt
19727,22002,15.7167,46.95,400,Troessengraben
19728,22003,15.2167,47.05,444,Stallhofen (Voitsberg)
19729,22004,15.25,46.6833,340,Sterglegg
19730,22005,15.75,47,333,Studenzen
19731,22006,14.0167,47.5667,891,Tauplitz
19732,22007,14.0333,47.1167,862,St. Ruprecht ob Murau
19733,22008,15.2833,47.0833,557,St. Oswald bei Plankenwarth
19734,22009,15.1333,46.85,847,Freiland bei Deutschlandsberg
19735,22010,15.8167,47.2167,421,St. Johann bei Herberstein
19736,22011,15.45,47.3833,658,St. Erhard
19737,22012,15.0667,46.6833,1065,Soboth
19738,22013,14.35,47.5167,681,Rottenmann
19739,22014,14.6,47.0833,1620,Sabathyhuette
19740,22015,14.4167,47.15,762,Scheifling
19741,22016,16,47.3833,455,Rohrbach an der Lafnitz
19742,22017,14.7667,47.55,729,Radmer an der Stube
19743,22018,14.95,47.5167,1204,Praebichl
19744,22019,14.2667,47.4833,1050,Oppenberg
19745,22020,14.9833,46.9833,1125,Pack
19746,22021,15.5167,47.2833,653,Passail
19747,22022,15.1,47.0833,493,Piber (Voitsberg)
19748,22023,15.8833,47.0833,302,Nestelbach im Ilztal
19749,22024,14.4167,47.0667,847,Neumarkt in Steiermark
19750,22025,15.5,47.6833,782,Muerzsteg
19751,22026,14.4833,47.2833,915,Moederbrugg
19752,22027,15.2833,46.9833,341,Mooskirchen
19753,22028,13.9333,47.55,809,Bad Mitterndorf
19754,22030,15.3333,47.7833,1250,Mariazeller Buergeralpe
19755,22031,15.1,47.3833,541,Leoben
19756,22032,15.5167,46.7833,460,Kogelberg
19757,22033,15.1,46.9833,632,Langmannsperre
19758,22034,15.5833,47.0833,536,Lassnitzhoehe
19759,22035,15.2667,46.6667,600,Kornriegl
19760,22036,15.2667,46.6667,513,Kleinradl
19761,22037,15.3333,47.3667,494,Kirchdorf (Bruck an der Mur)
19762,22038,15.1,47.1333,544,Kainach bei Voitsberg
19763,22039,15.2833,47.4333,560,Kapfenberg
19764,22040,14.2833,47.15,760,Katsch an der Mur
19765,22042,15.4167,47.25,910,Hollegg
19766,22043,15.1667,46.6833,700,Hadernigg
19767,22044,15.9667,47.2833,359,Hartberg
19768,22045,15.45,46.9667,330,Thalerhof (Graz)
19769,22046,15.85,46.9667,295,Gniebing
19770,22047,15.9,47.15,331,Grosssteinbach
19771,22048,15.4333,47.0833,460,Graz - Schlossberg
19772,22049,15.35,47.1333,380,Gratkorn
19773,22050,15.3167,47.1333,392,Gratwein
19774,22051,14.6667,47.2667,900,Gaal
19775,22052,15.1667,47.1667,582,Geistthal
19776,22053,14.6833,47.2167,736,Fohnsdorf
19777,22054,14.4,47.5833,730,Frauenberg (Liezen)
19778,22055,15.4833,47.75,864,Frein an der Muerz
19779,22056,15.2667,47.4167,491,Bruck an der Mur
19780,22057,14.1167,47.3833,976,Donnersbachwald
19781,22058,15.6333,46.9833,450,Edelstauden
19782,22059,14.45,47.15,1200,Fessnach
19783,22060,16.2333,48.7,186,Zwingendorf
19784,22061,16.3333,47.8667,241,Zillingdorf
19785,22062,15.6333,48.8333,475,Zissersdorf
19786,22063,14.9833,48.3833,878,Zilleck
19787,22064,15.0833,48.1833,222,Ybbs-Persenbeug
19788,22065,16.65,48.5833,190,Wilfersdorf (Mistelbach)
19789,22066,15.8167,48.7833,441,Weitersfeld
19790,22067,15.4833,48.9167,434,Weikertschlag an der Thaya
19791,22068,16.0333,47.9833,362,Weissenbach an der Triesting
19792,22070,14.5833,48.05,350,Weistrach
19793,22071,16.0833,47.7,419,Wartmannstetten
19794,22072,15.2667,48.5167,682,Waldhausen
19795,22073,15.5333,48.3833,203,Unterloiben
19796,22074,16.65,48.0167,168,Trautmannsdorf an der Leitha
19797,22075,15.9,47.6,777,Trattenbach (Neunkirchen)
19798,22076,16.3,47.9667,226,Tattendorf
19799,22077,16.3,48.65,206,Stronsdorf
19800,22078,16.3833,48.3667,197,Stetten (Korneuburg)
19801,22079,16.5,48.6833,246,Staatz
19802,22082,15.6833,48.25,264,St. Poelten-Unterradlberg
19803,22084,16.0167,47.5833,844,St. Corona am Wechsel
19804,22085,15.6167,48.1333,304,St. Georgen am Steinfeld
19805,22086,16.75,48.4667,186,Spannberg
19806,22087,15.3667,48.1667,284,Sooss (Melk)
19807,22088,14.7667,48,704,Sonntagberg (Amstetten)
19808,22089,15,48.6833,663,Siebenlinden
19809,22090,15.55,48.45,254,Senftenberg
19810,22091,15.8667,47.65,569,Schottwien
19811,22092,15.0667,48.8,532,Schrems (Gmuend)
19812,22093,16.9333,48.2167,166,Schlosshof (Gaenserndorf)
19813,22094,15.1667,48,339,Scheibbs
19814,22095,16.1333,47.6667,373,Scheiblingkirchen
19815,22096,16.1167,47.8,324,Saubersdorf
19816,22097,15.0833,48.95,580,Reitzenschlag
19817,22098,15.7333,47.9,683,Rohr im Gebirge
19818,22099,15.6667,48.2167,256,Ratzersdorf an der Traisen
19819,22100,15.9333,47.65,813,Raach am Hochgebirge
19820,22101,15.8,48,470,Ramsau (Lilienfeld)
19821,22102,16.0833,48.1833,315,Pressbaum
19822,22104,15.6833,48.55,233,Plank am Kamp
19823,22105,15.55,48.15,280,Ober-Grafendorf
19824,22106,16.1667,48.4167,192,Oberolberndorf
19825,22107,15.5,48.75,530,Nondorf an der Wild
19826,22108,15.35,48.3833,398,Niederranna (Krems)
19827,22109,14.9,48.2,509,Neustadtl an der Donau
19828,22110,16.7833,48.6,175,Neusiedl an der Zaya
19829,22111,15.1833,47.7833,989,Neuhaus am Zeller Rain (Scheibbs)
19830,22112,15.8833,48.4833,295,Neudegg (Tulln)
19831,22113,16.5833,48.5667,228,Mistelbach
19832,22114,16.4333,48.5833,309,Michelstetten
19833,22115,15.8667,47.65,760,Maria Schutz (Neunkirchen)
19834,22116,15.35,48.3,591,Maria Laach am Jauerling
19835,22118,16.2833,48.1,223,Maria Enzersdorf
19836,22121,15.8,48.85,440,Mallersbach
19837,22122,16.6833,48.2167,151,Leopoldsdorf im Machfelde
19838,22123,16.2167,47.9333,267,Leobersdorf
19839,22124,15.9833,48.3333,181,Langenschoenbichl
19840,22125,15.7167,48.8333,450,Langau (Horn)
19841,22126,15.5,47.7667,902,Lahnsattel
19842,22127,15.15,47.8667,809,Lackenhof (Scheibbs)
19843,22128,15.8833,48.1167,347,Laaben (St. Poelten)
19844,22129,16.2,47.5167,533,Krumbach (Wiener Neustadt)
19845,22130,15.45,48.5833,370,Krumau am Kamp
19846,22131,15.8167,47.6667,870,Kreuzberg (Neunkirchen)
19847,22132,16.1167,47.95,395,Kremesberg
19848,22133,15.7333,47.9833,480,Kleinzell (Lilienfeld)
19849,22134,15.9833,48.5667,300,Kleinstelzendorf
19850,22135,15.9833,47.6167,581,Kirchberg am Wechsel
19851,22136,15.1,48.15,226,Kemmelbach
19852,22137,16.2,48.1167,356,Kaltenleutgeben
19853,22139,15.6833,47.9333,550,Innerhalbach
19854,22141,15.8333,48.5167,365,Hohenwarth (Hollabrunn)
19855,22142,16.6667,48.4667,244,Hohenruppersdorf
19856,22143,15.9,48.7833,405,Hofern (Hollabrunn)
19857,22144,16.5833,47.95,215,Hof am Leithaberge
19858,22145,15.15,48.9833,635,Hirschenschlag (Gmuend)
19859,22146,16.0833,47.6167,781,Hochegg (Neunkirchen)
19860,22147,15.9167,47.7833,925,Himberghaus
19861,22148,15.1667,48.7833,572,Heinreichs (Waidhofen an der Thaya)
19862,22149,16.1333,48.05,312,Heiligenkreuz (Baden)
19863,22150,16.0833,48.7,204,Haugsdorf
19864,22151,16.95,48.15,161,Hainburg an der Donau
19865,22152,14.5667,48.1167,346,Haag (Amstetten)
19866,22153,16.05,48.65,246,Guntersdorf
19867,22154,16.7167,48.65,181,Grosskrut
19868,22156,15.9833,48.4667,211,Grossweikersdorf
19869,22157,15.1167,48.9333,566,Gross-Radischen
19870,22158,15.2167,48.1333,265,Grabenegg
19871,22159,15.4,48.7167,580,Goepfritz an der Wild
19872,22160,16.1167,48.5,202,Goellersdorf
19873,22161,16.1333,47.6833,362,Gleissenfeld
19874,22162,16.1333,47.6833,362,Gleiss
19875,22163,15.4667,48.3333,505,Geyersberg
19876,22164,15.4167,48.25,425,Gerolding (Melk)
19877,22166,15.8333,48.4333,208,Fels am Wagram
19878,22167,16.25,48.5833,267,Enzersdorf im Thale
19879,22168,16.5,48.6833,211,Enzersdorf bei Staatz
19880,22169,15.95,47.6667,457,Enzenreith
19881,22170,15.7833,48.55,380,Eggendorf am Walde
19882,22171,16.0333,48.4,211,Eggendorf am Wagram
19883,22172,15.1167,48.3667,864,Edlesberg
19884,22173,16.85,48.4833,161,Duernkrut
19885,22174,16.1,47.85,528,Dreistetten
19886,22175,15.3167,48.9167,465,Dobersberg
19887,22176,15.4667,48.7167,552,Dietmannsdorf an der Wild
19888,22177,15.8667,48.1167,426,Brand (St. Poelten)
19889,22179,16.9,48.1333,148,Bad Deutsch-Altenburg
19890,22180,15.0667,48.2833,498,Altenmarkt (Melk)
19891,22181,14.8333,48.1833,230,Ardagger Markt
19892,22182,16.5,48.5833,222,Asparn an der Zaya
19893,22183,11.5,47.3,632,Absam
19894,22185,11.7,47.5333,916,Achenkirch
19895,22186,11.6667,47.5667,843,Achenwald
19896,22188,11.5,47,1370,Brenner
19897,22189,11.7667,47.4167,964,Eben am Achensee
19898,22190,12.1833,47.6833,476,Erl
19899,22191,12.4833,47.5833,634,Erpfendorf
19900,22193,11.5833,47.3,591,Fritzens
19901,22194,10.1833,46.9667,1584,Galtuer
19902,22195,11.4833,47.0333,1164,Griess am Brenner
19903,22198,12.3667,47.4167,1665,Hahnenkamm (Kitzbuehel)
19904,22199,11.8667,47.35,666,Hart im Zillertal
19905,22200,11.4667,47.4667,928,Hinterriss
19906,22201,11.6833,47.1167,1493,Hintertux
19907,22202,12.1667,47.45,622,Hopfgarten im Brixental
19908,22203,12.1667,47.45,622,Hopfgarten im Brixental II
19909,22204,10.45,47.5667,1058,Jungholz (Reutte)
19910,22205,10.75,47.0333,1270,Kaunertal
19911,22206,12.0833,47.5167,515,Kirchbichl (Kufstein)
19912,22207,11.65,47.2833,580,Kolsassberg
19913,22208,12.4,47.6667,589,Koessen
19914,22209,12.05,47.45,938,Oberau (Kufstein)
19915,22211,11.0333,46.8667,1907,Obergurgl
19916,22212,11.1667,47.3667,1120,Oberleutasch
19917,22213,11.7,47.4333,952,Pertisau
19918,22214,10.3333,47.15,1222,Pettneu am Arlberg
19919,22215,11.7,47.3167,825,Pill Niederberg
19920,22216,10.75,47.05,1249,Platz (Landeck)
19921,22217,10.6667,47.0833,864,Prutz
19922,22218,10.6667,47.45,884,Rieden
19923,22219,11.8,47.3833,530,Rotholz
19924,22220,11.4667,47.3333,1490,Salzbergwerk Hall in Tirol
19925,22221,12.1667,47.7,465,Schwaigen
19926,22223,11.7167,47.35,545,Schwaz
19927,22225,11.1833,47.3333,1180,Seefeld in Tirol
19928,22226,10.9,47.25,1000,Silzerberg
19929,22227,11,46.9667,1376,Soelden
19930,22228,10.4667,47.0833,1056,See (Landeck)
19931,22230,12.3333,47.5167,772,Going am Wilden Kaiser
19932,22231,11.4667,47.1,1049,Steinach am Brenner
19933,22232,11.8167,47.4,522,Strass im Zillertal
19934,22233,10.4667,47.1333,1012,Strengen
19935,22234,10.6,47.0167,930,Toesens
19936,22235,11.4167,47.0833,1214,Trins
19937,22236,11.4167,47.0833,1214,Tux
19938,22237,12.4167,47.4167,797,Unteraurach
19939,22238,10.9167,46.8667,1895,Vent
19940,22239,11.8833,47.2333,575,Zell am Ziller
19941,22241,11.25,47.2667,622,Zirl
19942,22242,12.65,47.0167,1431,Burg (Lienz)
19943,22243,12.5667,46.9333,819,Huben (Lienz)
19944,22244,12.3667,46.8167,1381,Innervillgraten
19945,22245,12.8333,46.8,680,Lavant (Lienz)
19946,22247,12.5333,47,975,Matrei in Osttirol
19947,22248,12.3833,47.0167,1309,Praegraten
19948,22250,12.5167,47.05,1273,Seinitzen
19949,22251,12.3333,46.9167,1389,St. Jakob in Defereggen
19950,22259,12.6333,46.9,748,St. Johann im Walde (Lienz)
19951,22263,12.4167,46.9333,1495,St. Veit in Defereggen
19952,22267,16.0833,47.2833,535,Markt-Allhau
19953,22268,17.0333,47.7667,120,Andau
19954,22269,16.8333,47.75,120,Apetlon
19955,22277,16.2833,47.1167,231,Deutsch-Tschantschendorf
19956,22278,16.65,47.9,160,Donnerskirchen
19957,22279,16.35,47.7167,343,Forchenstein
19958,22280,16.4667,47.0833,209,Gaas (Guessing)
19959,22281,16.3833,47.3667,467,Glashuetten bei Langeck im Burgenland
19960,22282,16.2833,47.3667,340,Goberling
19961,22283,16.3167,47.2333,311,Grosspetersdorf
19962,22284,16.4333,47.4167,315,Hammerteich
19963,22285,16.15,46.9833,316,Henndorf im Burgenland
19964,22287,16.4,47.3,315,Markt Neuhodis
19965,22288,16.45,47.8833,273,Hornstein
19966,22289,16.15,46.9333,242,Jennersdorf
19967,22291,16.15,47.25,304,Kemeten
19968,22295,17.0667,48.1,138,Kittsee
19969,22296,16.5667,47.4167,236,Klostermarienberg
19970,22297,16.3667,47.1667,258,Kohfidisch
19971,22300,16.4167,47.4,336,Lockenhaus
19972,22306,16.4667,47.7,292,Loipersbach
19973,22308,16.4,47.7333,258,Mattersburg
19974,22311,16.2333,46.95,228,Mogersdorf
19975,22314,16.4667,47.85,232,Muellendorf
19976,22315,16.55,47.6,225,Neckenmarkt
19977,22316,16.85,47.95,131,Neusiedl am See
19978,22328,16.3333,47.7167,450,Neustift an der Rosalia
19979,22332,16.2167,47.2167,310,Oberdorf im Burgenland
19980,22333,16.3333,47.3667,556,Oberkohlstaetten
19981,22335,16.3833,47.6167,366,Oberpetersdorf
19982,22347,16.2,47.2833,315,Oberwart
19983,22349,16.1167,47.3667,399,Pinkafeld
19984,22350,16.3667,47.8,218,Poettsching
19985,22351,16.4333,47.3,348,Rechnitz
19986,22355,16.2833,47.4333,691,Redlschlag
19987,22359,16.4,47.0167,233,Reinersdorf
19988,22362,16.6833,47.8,123,Rust
19989,22363,16.5167,47.7167,256,Schattendorf
19990,22364,16.55,47.7833,176,Siegendorf im Burgenland
19991,22366,16.2667,47.1333,252,St. Michael im Burgenland
19992,22369,16.2833,47.3167,409,Stadtschlaining
19993,22370,16.4833,47.5333,265,Stoob
19994,22374,16.55,47.9,253,Stotzing
19995,22376,16.4167,47.05,207,Strem
19996,22380,16.3333,47.7333,306,Wiesen (Mattersburg)
19997,22383,16.1,47.25,340,Wolfau (Bgld.)
19998,22384,17.0833,48.0167,134,Zeiselhof
19999,22385,17.0833,48.0167,134,Zurndorf
20000,22387,12.8333,48.15,419,Ach (Salzach)
20001,22388,13.8,48.1167,448,Aichkirchen
20002,22389,14.5333,48.3333,416,Aist (Freistadt)
20003,22390,13.2333,48.25,367,Altheim
20004,22391,13.5667,48.1,566,Ampflwang im Hausruckwald
20005,22392,13.1167,48.1,488,Auerbach (Braunau am Inn)
20006,22393,14.3,48.5167,750,Bad Leonfelden
20007,22394,13.9333,48.2333,312,Bad Schallerbach
20008,22395,14.5167,47.8333,522,Brunnbach
20009,22396,13.0333,48.25,351,Braunau I
20010,22397,13.0333,48.25,351,Braunau II
20011,22398,13.0333,48.25,351,Braunau III
20012,22399,13.1,48.2,393,Burgkirchen
20013,22400,13.7833,47.8,429,Ebensee
20014,22401,13.5667,48.15,529,Eberschwang
20015,22402,14.0333,48.3167,271,Eferding
20016,22403,12.9833,48.0833,531,Eggelsberg
20017,22404,14.4833,48.2167,281,Enns
20018,22410,13.05,48.0667,509,Feldkirchen bei Mattighofen
20019,22411,13.95,48.0833,353,Fischlham
20020,22412,12.9167,48.05,457,Franking
20021,22413,13.5167,48.5667,455,Freinberg (Schaerding)
20022,22415,14.5,48.5167,560,Freistadt
20023,22421,13.25,48.0167,530,Friedburg
20024,22422,14.4167,48.35,337,Gallneukirchen
20025,22425,12.9333,48.0833,491,Geretsberg
20026,22426,15.35,48.95,468,Gilgenberg
20027,22427,13.8,47.9167,440,Gmunden
20028,22428,13.5333,47.5833,773,Gosau
20029,22429,14.85,48.2333,239,Grein
20030,22432,13.8333,48.2333,335,Grieskirchen
20031,22433,14.55,47.8833,446,Grossraming
20032,22434,13.35,48.2333,400,Gurten
20033,22435,13.6333,48.1833,505,Haag am Hausruck
20034,22436,13.5,48.5667,320,Haibach
20035,22437,12.8833,48.05,470,Haigermoos
20036,22438,13,48.1333,497,Handenberg
20037,22440,14.0333,48.5667,530,Haslach an der Muehl
20038,22445,14.1167,48.4333,591,Herzogsdorf
20039,22446,14.15,47.7,591,Hinterstoder
20040,22447,12.8833,48.1333,462,Hochburg
20041,22448,13.35,48.05,600,Hocheck
20042,22449,13.2667,48.1667,479,Hoehnhart
20043,22451,13.15,48.05,486,Jeging
20044,22452,13.65,48.55,292,Kasten (Schaerding)
20045,22453,14.4667,48.3167,306,Katsdorf
20046,22454,14.4667,48.3167,306,Kirchberg
20047,22455,13.1,48.0333,560,Kirchberg bei Mattighofen
20048,22456,14.1167,47.9,450,Kirchdorf an der Krems
20049,22457,14.2833,48.4167,896,Kirchschlag bei Linz
20050,22458,14.15,47.8333,461,Klaus an der Pyhrnbahn
20051,22459,14.15,48.5833,801,Koeckendorf
20052,22460,13.4667,47.9333,578,Kogl (Voecklabruck)
20053,22462,13.65,48.4333,547,Kopfing im Innkreis
20054,22464,14.1333,48.05,384,Kremsmuenster
20055,22465,13.95,48.2,311,Krenglbach
20056,22466,14.4667,48.15,277,Kronstorf
20057,22467,13.6167,47.6667,490,Lauffen
20058,22468,14.5,48.6167,627,Leopoldschlag Markt
20059,22469,14.8167,48.2333,218,Lettental
20060,22470,14.8,48.5333,970,Liebenau (Freistadt)
20061,22473,14.2833,48.3167,265,Linz Urfahr
20062,22474,14.3333,48.25,264,Linz Ebelsberg
20063,22475,14.2667,48.3,265,Linz Margarethen
20064,22476,13.1833,48.0167,516,Lochen
20065,22478,13.4,47.8333,493,Loibichl
20066,22479,13.2667,48.2667,370,Moosham (Ried im Innkreis)
20067,22480,13.2167,48.1333,585,Maria Schmolln
20068,22481,13.15,48.1,454,Mattighofen
20069,22482,13.1333,48.2,407,Mauerkirchen
20070,22483,14.5167,48.2333,265,Mauthausen
20071,22484,13.3,48.1667,460,Migelsbach
20072,22485,13.1667,48.2833,346,Mining
20073,22486,14.25,47.8833,442,Molln
20074,22487,13.35,47.85,493,Mondsee
20075,22488,13.1667,48.2,403,Moosbach (Braunau am Inn)
20076,22489,12.9833,48.05,489,Moosdorf
20077,22490,13.1833,48.0667,468,Munderfing
20078,22491,14,48.4833,517,Neufelden
20079,22493,14.2333,48.1333,303,Neuhofen an der Krems
20080,22495,13.05,48.1833,411,Neukirchen an der Enknach
20081,22496,13.8167,48.1,401,Neukirchen bei Lambach
20082,22497,13.8167,48.1,401,Neumarkt im Hausruckkreis
20083,22498,14.4833,48.4333,632,Neumarkt im Muehlkreis
20084,22499,13.9,48.0667,387,Bad Wimsbach-Neydharting
20085,22500,14.3333,48.1667,336,Niederneukirchen
20086,22501,14.1667,47.9667,464,Nussbach
20087,22502,13.4,48.1,605,Nussbaum am Kobernausser Walde
20088,22503,13.3333,48.3167,354,Obernberg am Inn
20089,22504,14.2333,48.4667,774,Oberneukirchen
20090,22505,12.8333,48.05,423,Ostermiething
20091,22506,14.1833,48.3333,270,Ottensheim
20092,22507,13.1333,48.0167,514,Palting
20093,22508,13.9,48.6167,584,Peilstein im Muehlviertel
20094,22509,13.85,48.1333,396,Pennewang
20095,22510,13.7667,48.35,389,Peuerbach
20096,22511,13.15,48.0833,471,Pfaffstaett
20097,22515,13.7667,47.9333,493,Pinsdorf
20098,22516,13.0833,48.1333,433,Pischelsdorf am Engelberg
20099,22517,13.2833,48.2333,385,Polling im Innkreis
20100,22520,13.3667,48,574,Poendorf
20101,22521,13.65,48.35,381,Raab (Schaerding)
20102,22522,14.2667,47.8333,520,Ramsau (Kirchdorf an der Krems)
20103,22523,13.0167,48.2333,380,Ranshofen
20104,22526,14.25,48.1833,297,Ritzlhof
20105,22531,13.2333,48.1833,467,Roedham (Braunau am Inn)
20106,22535,14.2833,47.7,706,Rossleithen
20107,22541,13.5167,47.7333,570,Russbach
20108,22542,14.65,48.5667,927,Sandl (Freistadt)
20109,22544,14.05,48.0667,400,Sattledt
20110,22545,13.15,48.1167,438,Schalchen
20111,22546,13.5,48.5167,543,Schardenberg
20112,22547,13.4333,48.4667,312,Schaerding
20113,22549,13.2833,48.0167,550,Schneegattern
20114,22552,13.6,47.95,514,Schoerfling
20115,22571,12.9667,48.1833,422,Schwand im Innkreis
20116,22656,14.3167,48.05,367,Sierning (Steyer-Land)
20117,22669,14.5333,48.35,390,Silberbach (Freistadt)
20118,22670,13.9833,48.7,840,Sonnenwald (Rohrbach)
20119,22671,14.3333,47.6667,640,Spital am Pyhrn
20120,22679,13.8833,48.3833,603,St. Agatha (Grieskirchen)
20121,22685,13.65,47.6167,539,St. Agatha (Gmunden)
20122,22686,14.3833,48.2,300,St. Florian (Linz-Land)
20123,22690,13.4833,47.9333,540,St. Georgen im Attergau
20124,22694,13.2833,48.1167,623,St. Johann am Walde
20125,22695,14.6833,48.45,810,St. Leonhard bei Freistadt
20126,22708,14.3,48.3333,313,St. Magdalena (Linz)
20127,22709,13.4333,48.3,372,St. Martin im Innkreis
20128,22718,14.2,47.7667,531,Sankt Pankraz (Kirchdorf an der Krems)
20129,22719,13.1,48.25,372,St. Peter am Hart
20130,22721,14.4833,48.5167,698,St. Peter (Freistadt)
20131,22723,13.6833,48.3667,455,St. Willibald (Schärding)
20132,22724,13.45,47.7333,548,St. Wolfgang im Salzkammergut
20133,22725,13.45,47.7333,548,Sankt Wolfgang im Salzkammergut II
20134,22730,14.4167,48.0333,310,Steyr (Steyr)
20135,22731,14.4167,48.05,318,Steyr-Aichet
20136,22732,14.3667,48.2833,259,Steyregg (Urfahr-Umgebung)
20137,22737,14.4333,48.0667,309,Steyr Stadtgut
20138,22738,12.8333,48.0833,429,Tarsdorf
20139,22740,13.4667,47.9333,551,Thalham (Vöcklabruck)
20140,22741,13.6167,48.0833,578,Thomasroith (Vöcklabruck)
20141,22742,13.6167,48,450,Timelkam (Vöcklabruck)
20142,22743,14.2,48.5167,856,Traberg (Rohrbach)
20143,22744,14.2333,48.2167,275,Traun (Linz-Land)
20144,22745,14.1667,47.8167,500,Traunfried (Kirchdorf an der Krems)
20145,22746,13.8,47.85,433,Traunkirchen (Gmunden)
20146,22749,13.2167,48.2,417,Treubach (Braunau am Inn)
20147,22751,13.5,48.2333,438,Tumeltsham (Ried im Innkreis)
20148,22756,12.8833,48.2,356,Ueberackern (Braunau am Inn)
20149,22757,13.9167,48.6833,626,Ulrichsberg (Rohrbach)
20150,22759,13.4833,47.8,477,Unterach am Attersee
20151,22760,14.6167,47.7333,530,Unterlaussa (Altenmarkt)
20152,22761,14.7833,48.4333,640,Unterweißenbach (Freistadt)
20153,22762,13.1167,48.15,418,Uttendorf (Braunau am Inn)
20154,22770,14.7833,48.4333,640,Unterweissenbach 2 (Freistadt)
20155,22771,13.65,48,430,Voecklabruck
20156,22777,14.2167,47.7167,810,Vorderstoder
20157,22778,14.1667,48.35,303,Walding (Urfahr-Umgebung)
20158,22779,14.1833,48.4833,748,Waxenberg (Urfahr-Umgebung)
20159,22780,13.4167,47.95,653,Weißenkirchen (Voecklabruck)
20160,22781,14.1333,48.1667,305,Weisskirchen an der Traun
20161,22782,14.7333,48.4833,733,Weitersfelden
20162,22784,14.0333,48.15,317,Wels
20163,22787,12.85,48.1667,433,Weng (Braunau am Inn)
20164,22791,13.8167,48.4667,289,Wesenufer
20165,22792,14.6667,47.85,440,Weyer (Steyr-Land)
20166,22797,13.5667,47.9,482,Weyregg
20167,22798,14.1833,48.3167,270,Wilhering
20168,22800,14.5667,48.5833,723,Windhaag bei Freistadt
20169,22804,13.3167,47.9,573,Zell am Moos
20170,22807,13,47.9,410,Acharting
20171,22811,13.4333,47.5167,778,Annaberg im Lammertal
20172,22813,13.1,47.1667,859,Bad Hofgasten
20173,22822,12.35,47.2667,819,Bramberg am Wildkogel
20174,22823,12.8167,47.2833,755,Bruck an der Grossglocknerstrasse
20175,22829,13.4,47.4,862,Eben im Pongau
20176,22832,12.4833,47.2833,788,Felben
20177,22833,13.5167,47.4333,1056,Filzmoos (St.Johann im Pongau)
20178,22834,13.4,47.35,927,Flachau (St. Johann im Pongau)
20179,22836,13.55,47.3833,923,Forstau (St. Johann im Pongau)
20180,22838,13.2,47.7167,703,Gaissau (Hallein)
20181,22856,13.0667,47.8167,450,Gnigl
20182,22857,13.1,47.3167,822,Goldegg (Sankt Johann im Pongau)
20183,22858,13.1667,47.6,483,Golling an der Salzach
20184,22860,13.35,47.2333,924,Grossarl
20185,22861,13.1,47.6833,461,Hallein
20186,22862,13.1833,47.9,551,Henndorf am Wallersee
20187,22865,13.0833,47.8167,573,Heuberg (Salzburg)
20188,22866,13.1,47.4833,817,Hinterblühnbach
20189,22867,13.2833,47.7167,746,Hintersee
20190,22868,13.4833,47.3667,840,HOEGGEN
20191,22869,13.3,47.4167,697,Huettau
20192,22871,13.2333,47.1667,1030,Huettschlag
20193,22872,12.75,47.2667,786,Kaprun
20194,22873,13.8,47.0833,1216,Keusching
20195,22874,13.3167,47.2833,1007,Kleinarl
20196,22881,13.15,47.6333,468,Kuchl (Hallein)
20197,22883,12.95,48,458,Lamprechtshausen
20198,22884,12.7667,47.4333,788,Leogang
20199,22886,13.8,47.1833,1197,Lessach (Tamsweg)
20200,22890,13.2167,47.7833,730,Lidaun
20201,22899,13.1167,47.4,1440,Mitterberg (Sankt Johann im Pongau)
20202,22903,12.4833,47.2833,788,Mittersill
20203,22908,13.1333,47.3833,860,Muehlbach am Hochkoenig
20204,22913,12.3833,47.2833,820,Muehlbach (im Pinzgau)
20205,22914,13.5,47.1,1123,Muhr (Tamsweg)
20206,22915,13.4667,47.45,990,Neuberg (Sankt Johann im Pongau)
20207,22917,13.35,47.4167,800,Niedernfritz
20208,22919,12.95,47.9333,401,Oberndorf bei Salzburg
20209,22921,13.55,47.25,1738,Obertauern
20210,22922,13.1167,47.8,823,Oberwinkl (Salzburg-Umgebung)
20211,22923,13.2,47.45,545,Pfarrwerfen
20213,22611,16.3,48.0833,214,A2340 Moedling
20214,22793,14.3,46.5333,465,A9170 Ferlach
20215,22835,15.7167,48.45,200,A3493 Hadersdorf am Kamp
20216,22842,15.4167,48.0333,384,A3204 Kirchberg an der Pielach
20217,22843,11.4667,47.3,776,A6065 Thaur
20218,22846,16.45,48.1,165,A2325 Himberg bei Wien
20219,22851,15.2167,46.8333,376,A8530 Deutschlandsberg
20220,22853,16.2833,48.1667,222,A1130 Postamt 1130 Wien
20221,22854,14,46.6,500,A9220 Velden am Wörther See
20222,22859,16.0667,47.05,252,A8280 Fürstenfeld
20223,22863,14.35,46.9833,973,A9361 St Salvator bei Friesach
20224,22870,16.3167,48.3833,182,A2100 Korneuburg
20225,22875,14.0667,46.5333,539,A9183 Rosenbach
20226,22878,16.4667,48.2333,157,A1220 Postamt 1220 Wien
20227,22888,16.5333,48.2167,154,A1220 Postamt 1220 Wien
20228,22895,15.95,47.9,438,A2763 Pernitz NÖ
20229,22901,14.0167,48.4667,503,A4115 Kleinzell im Mühlkreis
20230,16030,14.3667,47.1333,750,Teufenbach
20232,22814,15.4683,46.7497,351,8451 Heimschuh
20233,22827,12.9361,47.9444,394,5110 Oberndorf bei Salzburg
20234,22828,14.1733,47.1153,815,Murau
20235,22892,16.6281,47.6075,181,7301 Deutschkreutz
20237,22924,14.3506,48.1142,359,4493 Wolfern
20238,22929,16.83,47.9633,152,7100 Neusiedl am See
20239,22943,13.1056,47.2189,835,5632 Dorfgastein
20240,22950,11.4128,47.2722,570,6020 Innsbruck
20241,22799,13.7836,47.8119,421,4802 Ebensee
20242,22898,11.8831,47.4222,563,6230 Brixlegg
20243,22925,12.7167,47.2925,785,Piesendorf
20244,22926,12.7703,47.5194,1000,Puerzlbach
20245,22927,13.3447,47.5928,650,Rigaus
20246,22928,12.8486,47.4272,748,Saalfelden am Steinernen Meer
20247,22931,13.4239,47.4267,870,Schattbach
20248,22934,13.1264,47.8936,512,Seekirchen am Wallersee
20249,22935,12.8742,47.2869,837,St. Georgen (Zell am See)
20250,22936,13.3656,47.7667,545,St. Gilgen
20251,22937,13.2039,47.6428,848,St. Koloman (Hallein)
20252,22942,13.6947,47.0797,1066,St. Margarethen im Lungau
20253,22944,13.1517,47.3292,764,St. Veit im Pongau
20254,22949,13.4828,47.7192,542,Strobl (Salzburg-Umgebung)
20255,22951,13.7494,47.0722,1046,Thomatal
20256,22952,12.8169,47.3292,750,Thumersbach
20257,22954,12.7269,47.6503,530,Unken
20258,22955,13.7408,47.1136,1025,Unternberg (Tamsweg)
20259,22958,13.1206,47.1417,865,Vorderschneeberg
20260,22959,13.2411,47.7594,688,Vordersee (Salzburg-Umgebung)
20261,22960,13.2969,47.3336,838,Wagrain (Sankt Johann im Pongau)
20262,22961,12.6914,47.2894,794,Walchen (Zell am See)
20263,22962,12.8278,47.2594,900,Wald (Zell am See)
20264,22963,13.5,47.7128,560,Weissenbach (Salzburg Umgebung)
20265,22964,13.4453,47.3869,875,Wenghof
20266,22965,13.2592,47.4614,902,Werfenweng
20267,22966,13.5072,47.1525,1205,Zederhaus
20268,22967,16.4431,48.1964,161,Wien Freudenau
20269,22968,16.3953,48.1553,249,Wien 10 Laaerberg
20270,22969,16.3125,48.1664,204,Wien 12 Hetzendorf
20271,22970,16.3475,48.1553,193,Wien 10 Wienerberg
20272,22971,16.3167,48.1794,207,Wien 13 Schönbrunn
20273,22972,16.2817,48.1789,212,Wien 13 Veitingergasse
20274,22973,16.2214,48.2097,229,Wien 14 Hadersdorf
20275,22974,16.2772,48.1964,212,Wien 14 Hochsatzengasse
20276,22975,16.2289,48.2072,225,Wien 14 Mariabrunn
20277,22976,16.2928,48.2319,244,Wien 17 Knollgasse
20278,22977,16.3347,48.2369,234,Wien 18 BOKU
20279,22978,16.3219,48.2636,379,Wien 19 Cobenzl
20280,22979,16.3028,48.2508,262,Wien 19 Neustift am Walde
20281,22980,16.4136,48.3,164,Wien 21 Stammersdorf
20282,22981,16.4569,48.2264,159,Wien 22 Stadlau
20283,22982,16.2464,48.1375,250,Wien 23 Kalksburg
20284,22983,16.2831,48.1364,228,Wien 23 Liesing
20285,22984,16.2692,48.1506,244,Wien 23 Mauer
20286,22985,16.2589,48.1333,248,Wien 23 Rodaun
20287,22986,16.3117,48.1272,208,Wien 23 Siebenhirten
20288,22988,10.6422,47.4422,885,Weißenbach am Lech
20289,22989,13.2106,47.1925,951,Rabenstein (Grossarl)
20290,22990,12.7889,47.54,1006,Hintertal
20291,22991,13.8325,48.7311,756,Schwarzenberg am Boehmerwald
20292,22992,12.1525,47.5731,485,6330 Kufstein
20293,22998,16.5003,48.2489,156,1220 Postamt 1220 Wien
20294,23000,14.4731,46.8767,691,9330 Treibach-Althofen
20295,23002,15.4014,47.0397,354,8054 Graz-Straßgang
20296,23003,15.4414,47.0514,346,8010 Graz
20297,23004,15.4836,47.0344,347,8o42 Graz
20298,23006,10.3856,47.1519,1161,6574 Pettneu am Arlberg
20299,23007,13.0892,47.8342,466,5300 Hallwang
20300,23009,16.3217,48.1533,190,1230 Postamt 1230 Wien
20301,23010,13.8381,47.4272,770,8966 Aich-Assach
20302,23011,16.7267,48.3464,151,2230 Gänserndorf
20303,23016,15.2681,46.7175,343,8551 Wies. Steiermark
20304,23017,15.5175,47.0739,422,8047 Graz-Ragnitz
20305,23018,15.2972,47.4508,556,8605 Kapfenberg
20306,23020,15.4278,47.0156,345,8055 Graz-Puntigam
20308,23024,16.3569,48.2158,179,1080 Postamt 1080 Wien
20309,23025,15.3339,47.1989,413,8121 Deutschfeistritz
20310,23026,16.0517,48.6478,241,2042 Guntersdorf
20455,22999,16.0442,47.0531,335,Fuerstenfeld
20457,23005,14.4614,47.5706,654,Admont
20466,23027,16.8197,48.6025,161,Dobermannsdorf
20472,23033,15.6728,47.6061,670,Muerzzuschlag2
20474,23035,10.6,47.0333,1800,Hochserfaus
20475,23036,12.1578,47.2328,1641,Filzstein
20483,23044,16.1294,47.5175,640,Zoebern
20484,23045,16.2719,48.1914,203,1130 Postamt 1130 Wien
20488,23049,13.6722,48.1103,632,Wolfsegg am Hausruck
20489,23050,15.3353,47.1131,392,Judendorf-Strassengel
20492,23053,15.8081,48.4281,190,Grafenwoerth
20498,23060,16.6433,48.3239,162,Strasshof an der Nordbahn
20500,23062,14.7739,47.7989,470,Hollenstein an der Ybbs
20501,23063,14.5119,47.2667,953,Moederbrugg
20507,23069,14.8114,46.9189,937,Prebl
20508,23070,14.0928,47.0978,866,St. Georgen ob Murau
20509,23071,16.3878,48.2964,164,1210 Postamt 1210 Wien
20510,23072,16.7192,48.0142,159,Wilfleinsdorf
20511,23073,16.7236,47.9508,183,Breitenbrunn. Neusiedlersee
20512,23074,16.595,48.4542,181,Bad Pirawarth
20515,23077,16.4978,48.3156,161,Gerasdorf bei Wien
20517,23079,16.3728,48.4594,260,2113 Karnabrunn
20522,23085,16.2383,47.8836,280,2603 Felixdorf
20528,23091,16.3228,48.1314,199,2331 Vösendorf
20529,23092,13.5728,48.2631,475,Taiskirchen im Innkreis
20530,23093,16.3789,48.1925,191,1040 Postamt 1040 Wien
20532,23095,14.0375,48.1508,366,Thalheim bei Wels
20533,23096,14.2533,48.0836,367,Thanstetten
20534,23097,14.1661,48.255,321,Thening
20535,23098,13.8811,48.2853,393,St. Thomas (Grieskirchen)
20536,23099,14.6217,48.3317,489,Tragwein
20537,23100,14.3406,47.9214,360,Trattenbach (Steyr-Land)
20538,23101,14.6006,48.6139,891,Unterwald (Freistadt)
20539,23102,13.4603,48.2758,398,Utzenaich
20540,23103,13.2747,48.2089,400,St. Veit im Innkreis
20541,23104,14.1639,48.4683,685,St. Veit im Mühlkreis
20542,23105,13.6503,48.5283,554,Vichtenstein
20543,23106,13.9639,47.9156,500,Viechtwang
20544,23107,13.4844,48.0025,488,Voecklamarkt
20546,23109,14.9486,48.2733,470,Waldhausen im Strudengau
20653,11401,10.3422,47.2625,1080,Holzgau
20654,22682,16.1978,48.3897,171,2000 Stockerau
20656,23176,16.3119,48.1475,198,1230 Postamt 1230 Wien
20657,23187,15.1389,47.2939,1283,4009 Hamburg
20658,23199,11.6344,47.295,643,6115 Kolsassberg
20659,23211,14.4294,48.055,308,4400 Steyr
20660,23212,16.2847,48.2036,261,1140 Postamt 1140 Wien
20661,23215,15.5161,48.5928,513,3572 St. Leonhard am Hornerwald
20662,23216,15.4094,47.0461,356,8053 Graz-Neuhart
20663,23218,15.1686,48.6064,527,3910 Zwettl. Niederösterreich
20664,23219,15.3972,46.9681,354,8141 Unterpremstätten
20665,23220,16.295,48.1436,212,1230 Postamt 1230 Wien
20666,23221,16.39,48.2658,163,1210 Postamt 1210 Wien
20667,23240,13.3181,47.8658,551,5310 Mondsee
20668,23242,16.4203,48.2553,158,1210 Wien
20669,23248,15.625,48.8644,403,2095 Drosendorf
20670,23249,13.535,46.9056,740,9853 Gmünd in Kärnten
20671,23252,16.3078,47.4667,525,7441 Pilgersdorf
20672,23253,15.3858,47.0514,439,8052 Graz
20673,23258,16.3364,48.2586,245,1190 Wien
20675,23263,13.5925,47.9517,491,4863 Seewalchen
20676,23266,15.0703,47.3442,595,8700 leoben
20677,23267,16.3686,48.1981,170,1020 Wien
20678,23268,16.0617,48.2681,276,3004 Weinzierl
20679,23269,14.2694,48.29,333,4020 Linz
20680,23273,15.6156,47.1236,407,8063 Eggersdorf bei Graz
20681,23276,16.2303,47.8792,287,2603 Felixdorf
